{
  "preset": "tiny",
  "n_params": 1761792,
  "val_loss": 1.5127966046333312,
  "wall_time_epoch_s": 103.42232670399994,
  "steps": 3151,
  "train_jsonl": "/content/drive/MyDrive/svg_task2_data/train.jsonl"
}