{
  "preset": "tiny",
  "n_params": 1761792,
  "val_loss": 1.2172706037759782,
  "wall_time_epoch_s": 103.61042149599962,
  "steps": 3151,
  "train_jsonl": "/content/drive/MyDrive/svg_task2_data/train.jsonl"
}