{
  "preset": "tiny",
  "n_params": 1761792,
  "val_loss": 1.2020600736141205,
  "wall_time_epoch_s": 104.10223639599826,
  "steps": 3151,
  "train_jsonl": "/content/drive/MyDrive/svg_task2_data/train.jsonl"
}