{
  "preset": "tiny",
  "n_params": 1761792,
  "val_loss": 1.3176669359207154,
  "wall_time_epoch_s": 103.51046827799973,
  "steps": 3151,
  "train_jsonl": "/content/drive/MyDrive/svg_task2_data/train.jsonl"
}